keys,zh_CN,en
"奥术蓝图","奥术蓝图","ARCANE BLUEPRINT"
"启动自检未通过","启动自检未通过","STARTUP CHECK FAILED"
"启动失败：调色板资源缺失或损坏。","启动失败：调色板资源缺失或损坏。","Startup failed: the palette resource is missing or corrupt."
"启动失败：界面主题资源缺失或损坏。","启动失败：界面主题资源缺失或损坏。","Startup failed: the UI theme resource is missing or corrupt."
"模块编辑器","模块编辑器","BLUEPRINT"
"书页画布","书页画布","PAGE CANVAS"
"卡牌仓库","卡牌仓库","CARD TRAY"
"卡片详情","卡片详情","CARD DETAILS"
"开始战斗","开始战斗","BATTLE"
"路线图","路线图","MAP"
"撤销","撤销","UNDO"
"删除","删除","DELETE"
"选中一张卡查看详情","选中一张卡查看详情","Select a card to see its details"
"拖动卡片自由摆放，靠近时磁性吸附","拖动卡片自由摆放，靠近时磁性吸附","Drag cards anywhere; they snap magnetically when close"
"点下方仓库的卡片放到书页上","点下方仓库的卡片放到书页上","Tap a card below to place it"
"从卡片接口拖出奥术丝线连接另一张卡","从卡片接口拖出奥术丝线连接另一张卡","Drag from a card port to thread a link to another card"
"吸附","吸附","SNAPPED"
"核心卡","核心卡","Core Card"
"能力卡","能力卡","Ability Card"
"功能卡","功能卡","Function Card"
"核心","核心","Core"
"能力","能力","Ability"
"功能","功能","Function"
"魔力","魔力","Mana"
"魔力产出","魔力产出","Mana output"
"费用","费用","Cost"
"伤害","伤害","Damage"
"效果","效果","Effect"
"没有连线","没有连线","No links"
"张卡","张卡","cards"
"条丝线","条丝线","threads"
"金","金","Metal"
"木","木","Wood"
"水","水","Water"
"火","火","Fire"
"土","土","Earth"
"雷","雷","Thunder"
"风","风","Wind"
"毒","毒","Poison"
"冰","冰","Ice"
"锐金弹","锐金弹","Razor Shot"
"藤蔓缚","藤蔓缚","Vine Bind"
"寒水矢","寒水矢","Cold Dart"
"烈焰球","烈焰球","Fireball"
"磐石击","磐石击","Boulder Strike"
"紫电链","紫电链","Thunder Chain"
"疾风刃","疾风刃","Gale Blade"
"腐毒云","腐毒云","Poison Cloud"
"霜棱刺","霜棱刺","Frost Spike"
"奥术核心","奥术核心","Arcane Core"
"加速","加速","Haste"
"减速","减速","Slow"
"子弹数量","子弹数量","Projectile Count"
"连发数量","连发数量","Burst Count"
"附魔","附魔","Enchant"
"循环","循环","Loop"
"冷却","冷却","Cooldown"
"攻速","攻速","Attack Speed"
"自动施法","自动施法","AUTO CASTING"
"波次","波次","WAVE"
"敌群","敌群","ENEMIES"
"施法队列","施法队列","CAST QUEUE"
"本波已清空","本波已清空","Wave cleared"
"核心被摧毁","核心被摧毁","Core destroyed"
"回到编辑器","回到编辑器","BACK TO EDITOR"
"选择奖励","选择奖励","CHOOSE A REWARD"
"跳过","跳过","Skip"
"三选一","三选一","Pick one of three"
"选择路线","选择路线","CHOOSE A ROUTE"
"战斗","战斗","Battle"
"工坊","工坊","Workshop"
"已通过","已通过","Visited"
"下一层可选","下一层可选","Pick a node on the next row"
"第 %d 层","第 %d 层","Tier %d"
"返回编辑器","返回编辑器","BACK TO EDITOR"
"重新开始本局","重新开始本局","RESTART RUN"
"本局结束","本局结束","RUN OVER"
"第 %d 波 / 共 %d 波","第 %d 波 / 共 %d 波","Wave %d of %d"
"层 %d","层 %d","TIER %d"
"子弹","子弹","Proj"
"类型","类型","Type"
"卡片 %d · 丝线 %d","卡片 %d · 丝线 %d","%d CARDS · %d LINES"
"未连接核心，不会被施放","未连接核心，不会被施放","Not linked to the core — will not be cast"
"语言","语言","LANGUAGE"
"下一波","下一波","NEXT WAVE"
"等待核心产出魔力","等待核心产出魔力","Waiting for the core to produce mana"
"启动失败：界面字体无法显示中文。","启动失败：界面字体无法显示中文。","Startup failed: no font on this system can render the UI text."
"敌群血量","敌群血量","Enemy HP"
"战斗胜利","战斗胜利","VICTORY"
"选择","选择","Choose"
"战","战","F"
"工","工","W"
"仓库向左滚动","仓库向左滚动","Scroll tray left"
"仓库向右滚动","仓库向右滚动","Scroll tray right"
"继续","继续","CONTINUE"
"当前位置：","当前位置：","CURRENT: "
"还没出发","还没出发","Not departed"
"路线已走完","路线已走完","Route complete"
"可选","可选","Selectable"
"走过","走过","Visited"
"当前","当前","Current"
"不可达","不可达","Unreachable"
"点亮的节点可以前往","点亮的节点可以前往","Pick a lit node to move on"
"这个节点现在走不到","这个节点现在走不到","You cannot reach this node yet"
"这里已经走过了","这里已经走过了","You have already been here"
"已选好下一站","已选好下一站","Next stop chosen"
"本波加成","本波加成","THIS WAVE'S BONUSES"
"无加成","无加成","No bonuses"
"附魔 ×%.1f","附魔 ×%.1f","Enchant ×%.1f"
"子弹 +%d","子弹 +%d","Projectiles +%d"
"连发 %d","连发 %d","Burst %d"
"加速 -%d 拍","加速 -%d 拍","Haste -%d ticks"
"攻速 -%d 拍","攻速 -%d 拍","Attack speed -%d ticks"
"减速 +%d 秒","减速 +%d 秒","Slow +%d sec"
"冷却 -%d","冷却 -%d","Cooldown -%d"
"开始新一局","开始新一局","NEW RUN"
"设置","设置","SETTINGS"
"退出","退出","QUIT"
"中文 / English","中文 / English","中文 / English"
"没有进行中的一局","没有进行中的一局","No run in progress"
"本局强化","本局强化","RUN UPGRADE"
"本局供能","本局供能","RUN POWER"
"所有伤害 +%d","所有伤害 +%d","All damage +%d"
"核心产出 +%d 魔力","核心产出 +%d 魔力","Core output +%d mana"
"没有可拿的奖励","没有可拿的奖励","Nothing left to take"
"本局的卡与加成都已拿满","本局的卡与加成都已拿满","Every card and upgrade has been taken this run"
"结算","结算","RESULTS"
"通关","通关","VICTORY"
"到过 %d 层","到过 %d 层","Reached tier %d"
"本局所得","本局所得","TAKEN THIS RUN"
"什么都没拿","什么都没拿","Nothing taken"
"回到主菜单","回到主菜单","BACK TO MENU"
"再来一局","再来一局","NEW RUN"
"伤害 +%d","伤害 +%d","Damage +%d"
"魔力 +%d","魔力 +%d","Mana +%d"
"尚未施法","尚未施法","No cast yet"
"施法链 %d/%d","施法链 %d/%d","Chain %d/%d"
"施法链 · 共 %d 张","施法链 · 共 %d 张","Chain · %d cards"
"八通道 %d 档","八通道 %d 档","Channels %d"
"链条为空","链条为空","Chain empty"
"关闭设置","关闭设置","CLOSE SETTINGS"
"语言切换立刻生效，并保存在本机","语言切换立刻生效，并保存在本机","Language changes apply at once and are saved on this machine"
"战后详情","战后详情","POST-BATTLE DETAIL"
"还没打过一场战斗","还没打过一场战斗","No battle fought yet"
"完整施法链 %d 张","完整施法链 %d 张","Full chain · %d cards"
"八通道明细","八通道明细","Channels"
"施法记录 %d 次","施法记录 %d 次","Casts %d"
"%d 段伤害","%d 段伤害","%d hits"
"最近一次","最近一次","last"
"未知卡","未知卡","Unknown card"
